copyright,falsePositive,pred
copyright owner or by an individual or Legal Entity authorized to submit on behalf of,1,1
"(c) You must retain, in the Source form of any Derivative Works",1,1
"copyright, patent, trademark, and attribution notices from the Source form of the Work, excluding those notices that do not pertain to any part of the Derivative Works; and",1,1
Copyright [yyyy] [name of copyright owner],1,1
copyright purposes. This file is distinct from the CONTRIBUTORS files. See the latter for an explanation.,1,0
Copyright 2018 The TensorFlow Authors. All Rights Reserved.,0,0
Copyright 2020 The TensorFlow Authors. All Rights Reserved.,0,0
Copyright 2021 The TensorFlow Authors. All Rights Reserved.,0,0
Copyright 2015 The TensorFlow Authors. All Rights Reserved.,0,0
Copyright 2022 The TensorFlow Authors. All Rights Reserved.,0,0
Copyright 2023 The TensorFlow Authors. All Rights Reserved.,0,0
ï¿½ï¿½ Vinï¿½ï¿½Cius,0,1
Copyright 2017 The TensorFlow Authors. All Rights Reserved.,0,0
Copyright 2016 The TensorFlow Authors. All Rights Reserved.,0,0
"Copyright 2020 The TensorFlow Authors.""",0,0
Copyright 2019 The TensorFlow Authors. All Rights Reserved.,0,0
copyright =,1,1
copyright); BlankLine(); CodeLine(machine_generated); BlankLine();,1,1
"Copyright 2016 The TensorFlow Authors. All Rights Reserved. Licensed under the Apache License, Version 2.0 (the ""License""); you may not use this file except in compliance with the License. You may obtain a copy of the License at",0,0
(c) you're OK letting incorporators decide whether a license is sufficiently BSD-like?,1,1
"Copyright 2020 The TensorFlow Authors. All Rights Reserved. Licensed under the Apache License, Version 2.0 (the ""License""); you may not use this file except in compliance with the License. You may obtain a copy of the License at http://www.apache.org/licenses/LICENSE-2.0 Unless required by appli",0,0
Copyright (c) 1998 Hewlett-Packard CompanydescsRGB IEC61966-2.1sRGB IEC61966-2.1XYZ ï¿½ï¿½Q ï¿½ï¿½XYZ XYZ oï¿½ï¿½8ï¿½ï¿½ï¿½ï¿½XYZ bï¿½ï¿½ï¿½ï¿½ï¿½ï¿½ï¿½ï¿½XYZ $ï¿½ï¿½ï¿½ï¿½ï¿½ï¿½ï¿½ï¿½descIEC http://www.iec.chIEC,0,0
"(C) det(D) det(L) where C is sometimes known as the capacitance matrix,",1,1
(C) det(D) det(L) log_abs_det_d = self.diag_operator.log_abs_determinant() log_abs_det_l = self.base_operator.log_abs_determinant(),1,1
"(c) for c in containers] else: containers = [] tf_session.TF_Reset(target, containers, config)",1,1
Copyright 2022 Google LLC. All Rights Reserved.,0,0
(c) for c in graph.internal_captures} lifted_variables = {},1,1
(c) for c in self.graph.internal_captures} flat_feeds = [f for f in flat_feeds if id(f) not in internal_captures],1,1
(c) for c in components),1,1
(c) for c in self._components),1,1
"copyright"", ""credits"", ""delattr"", ""dict"", ""dir"", ""divmod"", enumerate"", ""eval"", ""execfile"", ""exit"", ""file"", ""filter"", ""float"", format"", ""frozenset"", ""getattr"", ""globals"", ""hasattr"", ""hash"", ""help"", hex"", ""id"", ""input"", ""int"", ""intern"", ""isinstance"", ""issubclass"", iter""",1,1
"Copyright 2023 The TensorFlow Authors. All Rights Reserved. Licensed under the Apache License, Version 2.0 (the ""License""); you may not use this file except in compliance with the License. You may obtain a copy of the License at",0,0
"(c) # pylint: disable=protected-access if graph_element is None: graph_element = c if graph_element is not None and getattr(graph_element, ""graph"", None) is not self: self._function_captures.control.add(graph_element)",1,1
(c) # Using 'print' to make lint happy,1,1
"(c) # Uses the default gradient for tf.square. with g.gradient_override_map({""Square"": ""CustomSquare""}): s_2 = tf.square(s_2) # Uses _custom_square_grad to compute the gradient of s_2.",1,1
Copyright 2019 The Kythe Authors. All rights reserved.,0,0
"(c) Use FAILED_PRECONDITION if the client should not retry until the system state has been explicitly fixed. E.g., if an ""rmdir"" fails because the directory is non-empty, FAILED_PRECONDITION should be returned since the client should not retry unless they hav",1,1
Copyright 2020 The TensorFlow Authors All Rights Reserved.,0,0
Copyright 2023 The TensorFlow Authors All Rights Reserved.,0,0
Copyright 2017 The TensorFlow Authors All Rights Reserved.,0,0
Copyright 2016 The TensorFlow Authors All Rights Reserved.,0,0
Copyright 2019 The TensorFlow Authors All Rights Reserved.,0,0
Copyright 2021 The TensorFlow Authors All Rights Reserved.,0,0
Copyright 2022 The TensorFlow Authors All Rights Reserved.,0,0
"(c) for i, c in self.constants.items()",1,1
Copyright 2020 Google LLC. All Rights Reserved.,0,0
"Copyright 2015 The TensorFlow Authors. All Rights Reserved. Licensed under the Apache License, Version 2.0 (the ""License""); you may not use this file except in compliance with the License. You may obtain a copy of the License at",0,0
"Copyright 2021 The TensorFlow Authors. All Rights Reserved. Licensed under the Apache License, Version 2.0 (the ""License""); you may not use this file except in compliance with the License. You may obtain a copy of the License at http://www.apache.org/licenses/LICENSE-2.0 Unless required by appli",0,0
Copyright 2020 Google Inc. All Rights Reserved.,0,0
Copyright 2015 Google Inc. All Rights Reserved.,0,0
Copyright 2018 Google Inc. All Rights Reserved.,0,0
(c) for c in flat_components) else: return x.op.type == 'Placeholder' except AttributeError: return False,1,1
"(c) function name, we can safely assume that there is no `\n` in there. Thus, we can serialize as strings using a simple new line delimiter.",1,1
"Copyright 2019 The TensorFlow Authors. All Rights Reserved. Licensed under the Apache License, Version 2.0 (the ""License""); you may not use this file except in compliance with the License. You may obtain a copy of the License at http://www.apache.org/licenses/LICENSE-2.0 Unless required by appli",0,0
(c) other: the entry is occupied and has low-8 bits of its hash. These hash bits can be used to avoid potentially expensive key comparisons.,1,1
Copyright {yyyy} {name of copyright owner},1,1
"Copyright 2023 The TensorFlow Authors. All Rights Reserved. Licensed under the Apache License, Version 2.0 (the ""License""); you may not use this file except in compliance with the License. You may obtain a copy of the License at http://www.apache.org/licenses/LICENSE-2.0 Unless required by appli",0,0
Copyright 2018-2020 The TensorFlow Authors. All Rights Reserved.,0,0
ï¿½ï¿½ XanderOne - http://www.redbubble.com/people/XanderOnï¿½ï¿½ï¿½ï¿½C,0,0
Copyright {year} The TensorFlow Authors. All Rights Reserved.,0,0
"(C) for any global step (i.e. R iterations on each worker), the sum of batches consumed by replicas across all workers is G. D) any two batch sizes of any two replicas differs by at most one.",1,0
"Copyright 2018 The TensorFlow Authors. All Rights Reserved. Licensed under the Apache License, Version 2.0 (the ""License""); you may not use this file except in compliance with the License. You may obtain a copy of the License at http://www.apache.org/licenses/LICENSE-2.0 Unless required by appli",0,0
"(c) for c in elements[0]], shape for shape in dataset_ops.get_legacy_output_shapes(dataset)]) self.assertDatasetProduces(dataset, expected_output=elements)",1,1
copyright-format/1.0/ Upstream-Name: python3-tflite-runtime Source: https://www.tensorflow.org/,1,1
"Copyright: Copyright 2019 Google, LLC <packages@tensorflow.org> License: Apache-2.0",0,0
(c) else c.shape[1:] for c in components shape for shape in dataset_ops.get_legacy_output_shapes(dataset)]),1,1
(c) for c in components]),1,1
Copyright Flag8BIM' Japanese Print Flags 8BIMï¿½ï¿½Color Halftone SettingsH/fflff /ffï¿½ï¿½ï¿½ï¿½ï¿½ï¿½ 2Z 5- 8BIMï¿½ï¿½Color Transfer Settingspï¿½ï¿½ï¿½ï¿½ï¿½ï¿½ï¿½ï¿½ï¿½ï¿½ï¿½ï¿½ï¿½ï¿½ï¿½ï¿½ï¿½ï¿½ï¿½ï¿½ï¿½ï¿½ï¿½ï¿½ï¿½ï¿½ï¿½ï¿½ï¿½ï¿½ï¿½ï¿½ï¿½ï¿½ï¿½ï¿½ï¿½ï¿½ï¿½ï¿½ï¿½ï¿½ï¿½ï¿½ï¿½ï¿½ï¿½ï¿½ï¿½ï¿½ï¿½ï¿½ï¿½ï¿½ï¿½ï¿½ï¿½ï¿½ï¿½ï¿½ï¿½ï¿½ï¿½ï¿½ï¿½ï¿½ï¿½ï¿½ï¿½ï¿½ï¿½ï¿½ï¿½ï¿½ï¿½ï¿½ï¿½ï¿½ï¿½ï¿½ï¿½ï¿½ï¿½ï¿½ï¿½ï¿½ï¿½ï¿½ï¿½ï¿½ï¿½ï¿½ï¿½ï¿½ï¿½ï¿½ï¿½ï¿½ï¿½ï¿½ï¿½ï¿½ï¿½ï¿½ï¿½ï¿½ï¿½ï¿½ï¿½ï¿½ï¿½ï¿½ï¿½ï¿½ï¿½ï¿½ï¿½ï¿½ï¿½ï¿½ï¿½ï¿½ï¿½ï¿½ï¿½ï¿½ï¿½ï¿½ï¿½ï¿½ï¿½ï¿½ï¿½ï¿½ï¿½ï¿½ï¿½ï¿½ï¿½ï¿½ï¿½ï¿½ï¿½ï¿½ï¿½ï¿½ï¿½ï¿½ï¿½ï¿½ï¿½ï¿½ï¿½ï¿½ï¿½ï¿½ï¿½ï¿½ï¿½ï¿½,0,1
(c) else c.shape for c in components shape for shape in dataset_ops.get_legacy_output_shapes(dataset)]),1,1
Copyright 2020 Google Inc. All rights reserved.,0,0
Copyright 2022 Google Inc. All rights reserved.,0,0
Copyright 2018 Google Inc. All rights reserved.,0,0
Copyright 2019 Google Inc. All rights reserved.,0,0
"(C) TfLiteOpaqueDelegatePlugin struct, this returns a function that takes a TFLiteSettings FlatBuffer and returns a unique_ptr to an instance of the (C++) DelegatePluginInterface abstract class. std::function<std::unique_ptr<tflite::delegates::DelegatePluginInterface>( const ::tflite::TFLi",1,1
"(c) for c in b] return [(b0 << 24) + (b1 << 16) + (b2 << 8) + b3 for b0, b1, b2, b3 in zip(b[::4], b[1::4], b[2::4], b[3::4])]",1,1
"(c) for c in u""ï¿½ï¿½ï¿½ï¿½ï¿½ï¿½ï¿½ï¿½ï¿½ï¿½ï¿½ï¿½""])",0,1
"(c) for c in u""ï¿½ï¿½ï¿½ï¿½ï¿½ï¿½ï¿½ï¿½ï¿½ï¿½ï¿½ï¿½""]) self.assertAllEqual(starts, [0, 3, 6, 9])",0,1
"(c) for c in u""ï¿½ï¿½ï¿½ï¿½ï¿½ï¿½ï¿½ï¿½ï¿½ï¿½ï¿½ï¿½""],",0,1
"(c) for c in u""hello""]] self.assertAllEqual(chars, expected_chars)",1,1
"(c) for c in u""hello""]] self.assertAllEqual(chars, expected_chars) self.assertAllEqual(starts, [[0, 3, 6, 9], [0, 1, 2, 3, 4]])",1,1
"(c) for c in cs] self.assertAllEqual(cs, data)",1,1
"(c) # Sequeeze out dims 1 and 3. output = self.evaluate(reduced) if stride == 1: self.assertAllClose(output,",1,1
Copyright 2021 Google LLC,0,0
Copyright 2015-2021 The TensorFlow Authors. All Rights Reserved.,0,0
"(c) Partial terminal macro block, with output corresponding to one fewer micro blocks, because filter extends across micro-block boundary. if (k_width != width_macro_count) { function_params.output_residual_width = 0; function_params.input_width_micro_",1,1
(c) In quant resize bilinear the choice of unsigned vs signed accumulation and saturated vs unsaturated arithmetic is often unimportant.,1,1
copyright idea/dictionaries idea/gradle.xml idea/libraries idea/inspectionProfiles idea/misc.xml idea/modules.xml idea/runConfigurations.xml idea/tasks.xml idea/workspace.xml gradle local.properties DS_Store build/ gradleBuild/ apk ap_ dex class bin/ gen/ out/ log navigation/,1,1
Copyright 2013 The Android Open Source Project,0,0
Copyright 2014 The Android Open Source Project,0,0
Copyright 2015 The Android Open Source Project,0,0
Copyright 2018 The Android Open Source Project,0,0
Copyright 2018 Google LLC,0,0
"Copyright (C) 2018 Free Software Foundation, Inc. This is free software; see the source for copying conditions. There is NO warranty; not even for MERCHANTABILITY or FITNESS FOR A PARTICULAR PURPOSE. Written by Roland McGrath and Ulrich Drepper. pre>",0,0
"Copyright 2021 The TensorFlow Authors.""",0,0
"Copyright 2019 The TensorFlow Authors.""",0,0
(c) Batch Dimensions: Axes corresponding to labels appearing in each of the input subscripts and also in the output subscript make up the batch dimensions in Tensor contraction. Unnamed axis labels corresponding to ellipsis (`...`) also correspond to batch dimensions. For example,1,1
"ï¿½ï¿½ Jï¿½ï¿½Tï¿½ï¿½ï¿½ï¿½R7ï¿½ï¿½Toï¿½ï¿½ï¿½ï¿½ï¿½ï¿½ï¿½ï¿½Jvowr
eï¿½ï¿½mï¿½ï¿½HADï¿½ï¿½ï¿½ï¿½ï¿½ï¿½ï¿½ï¿½Iï¿½ï¿½tï¿½ï¿½/ï¿½ï¿½ï¿½ï¿½ï¿½ï¿½ï¿½ï¿½Tt|ï¿½ï¿½pï¿½ï¿½ï¿½ï¿½ï¿½ï¿½ï¿½ï¿½dVï¿½ï¿½#ï¿½ï¿½ï¿½ï¿½ï¿½ï¿½ï¿½ï¿½pï¿½ï¿½ï¿½ï¿½GMï¿½ï¿½4Bï¿½ï¿½ï¿½ï¿½ï¿½ï¿½yDï¿½ï¿½ï¿½ï¿½ ï¿½ï¿½ï¿½ï¿½iï¿½ï¿½vSTï¿½ï¿½ï¿½ï¿½Meï¿½ï¿½ï¿½ï¿½ï¿½ï¿½ï¿½ï¿½ï¿½ï¿½ï¿½ï¿½Sï¿½ï¿½qOï¿½ï¿½Gm[qNï¿½ï¿½mZï¿½ï¿½ï¿½ï¿½Q+ï¿½ï¿½ï¿½ï¿½ï¿½ï¿½eQ+|.ï¿½ï¿½ï¿½ï¿½5ï¿½ï¿½ï¿½ï¿½8[0ï¿½ï¿½ï¿½ï¿½ï¿½ï¿½Zï¿½ï¿½Lï¿½ï¿½wï¿½ï¿½%ï¿½ï¿½ï¿½ï¿½Ll<Fï¿½ï¿½Rbfï¿½ï¿½rï¿½ï¿½b&9ï¿½ï¿½ï¿½ï¿½ï¿½ï¿½Z[Vï¿½ï¿½', ï¿½ï¿½ï¿½ï¿½>6ï¿½ï¿½b0Fï¿½ï¿½[fï¿½ï¿½ï¿½ï¿½aï¿½ï¿½ï¿½ï¿½ ï¿½ï¿½ï¿½ï¿½ï¿½ï¿½8ï¿½ï¿½ï¿½ï¿½jr(Gï¿½ï¿½ï¿½ï¿½Tgï¿½ï¿½Oï¿½ï¿½ï¿½ï¿½D/ï¿½ï¿½ï¿½ï¿½ï¿½ï¿½[N/hï¿½ï¿½Vï¿½ï¿½)ï¿½ï¿½ï¿½ï¿½Knvfï¿½ï¿½ï¿½ï¿½fï¿½ï¿½ï¿½ï¿½gvï¿½ï¿½ï¿½ï¿½ï¿½ï¿½,=ï¿½ï¿½ï¿½ï¿½ï¿½ï¿½edï¿½ï¿½\Hï¿½ï¿½ï¿½ï¿½Yï¿½ï¿½ï¿½ï¿½}ï¿½ï¿½>QB\ï¿½ï¿½=ï¿½ï¿½ï¿½ï¿½`QKï¿½ï¿½ï¿½ï¿½ï¿½ï¿½ï¿½ï¿½ï¿½ï¿½ï¿½ï¿½_ï¿½ï¿½",0,0
ï¿½ï¿½ Oï¿½ï¿½Ohï¿½ï¿½2ï¿½ï¿½ï¿½ï¿½Fv}Wy_xE_ï¿½ï¿½ï¿½ï¿½ï¿½xï¿½ï¿½ï¿½ï¿½ï¿½ï¿½ï¿½ï¿½sï¿½ï¿½ï¿½ï¿½ï¿½ï¿½ï¿½ï¿½ï¿½ï¿½?u!Xyï¿½ï¿½ï¿½ï¿½-ï¿½ï¿½3ï¿½ï¿½Kï¿½ï¿½Pï¿½ï¿½5Pï¿½ï¿½ï¿½ï¿½1:ï¿½ï¿½ï¿½ï¿½:ï¿½ï¿½HC]P}ï¿½ï¿½ï¿½ï¿½kï¿½ï¿½Aï¿½ï¿½ï¿½ï¿½        ï¿½ï¿½Pï¿½ï¿½:ï¿½ï¿½ï¿½ï¿½ï¿½ï¿½ ï¿½ï¿½Pï¿½ï¿½H5ï¿½ï¿½Bï¿½ï¿½Iï¿½ï¿½ï¿½ï¿½AJï¿½ï¿½ï¿½ï¿½[ï¿½ï¿½Kï¿½ï¿½        ï¿½ï¿½),0,1
ï¿½ï¿½	Sï¿½ï¿½Ndï¿½ï¿½ï¿½ï¿½0ï¿½ï¿½,0,0
"copyrightCopyright Apple Inc., 2018/LAtEXticc:descriptionDisplay ï¿½ï¿½ï¿½ï¿½IENDï¿½ï¿½B`ï¿½ï¿½",0,0
"Copyright Apple Inc., 2020XYZ ï¿½ï¿½ï¿½ï¿½ XYZ ï¿½ï¿½Q=ï¿½ï¿½ï¿½ï¿½XYZ Fï¿½ï¿½ï¿½ï¿½lHXYZ &ï¿½ï¿½ï¿½ï¿½ï¿½ï¿½paraï¿½ï¿½sf32 ï¿½ï¿½ï¿½ï¿½ï¿½ï¿½ï¿½ï¿½ï¿½ï¿½W)ï¿½ï¿½ï¿½ï¿½ï¿½ï¿½ï¿½ï¿½ï¿½ï¿½ï¿½ï¿½ï¿½ï¿½ï¿½ï¿½ï¿½ï¿½ï¿½ï¿½ï¿½ï¿½ï¿½ï¿½ï¿½ï¿½ï¿½ï¿½ï¿½ï¿½<	http://ns.adobe.com/xap/1.0/<?xpacket begin=""ï¿½ï¿½ï¿½"" id=""W5M0MpCehiHzreSzNTczkc9d""?> x:xmpmeta xmlns:x=""adobe:ns:meta/"" x:xmptk=""",0,0
CopyrightOwner> rdf:Seq/> plus:CopyrightOwner> plus:Licensor> rdf:Seq/> plus:Licensor> rdf:Description> rdf:RDF> x:xmpmeta>,0,1
"CopyrightOwner> <rdf:Seq/> </plus:CopyrightOwner> <plus:Licensor> <rdf:Seq/> </plus:Licensor> </rdf:Description> </rdf:RDF> </x:xmpmeta> <?xpacket end=""r""?>%ï¿½ï¿½ tï¿½ï¿½IDATxï¿½ï¿½ï¿½ï¿½ï¿½ï¿½wXSï¿½ï¿½ï¿½ï¿½ï¿½ï¿½ï¿½ï¿½ï¿½ï¿½IHBï¿½ï¿½",0,1
"CopyrightOwner> <rdf:Seq/> </plus:CopyrightOwner> <plus:Licensor> <rdf:Seq/> </plus:Licensor> </rdf:Description> </rdf:RDF> </x:xmpmeta> <?xpacket end=""r""?>^&ï¿½ï¿½ï¿½ï¿½ :IDATxï¿½ï¿½ï¿½ï¿½ï¿½ï¿½uX[ï¿½ï¿½wvï¿½ï¿½`iE ,D)[ï¿½ï¿½[ï¿½ï¿½lï¿½ï¿½ï¿½ï¿½ï¿½ï¿½gw_E,ï¿½ï¿½ï¿½ï¿½ï¿½ï¿½.%Uï¿½ï¿½ï¿½ï¿½b ï¿½ï¿½ï¿½ï¿½ï¿½ï¿½5;ï¿½ï¿½ï¿½ï¿½ï¿½ï¿½(Xï¿½ï¿½,ï¿½ï¿½ï¿½ï¿½ï¿½ï¿½ï¿½ï¿½<Wï¿½ï¿½ï¿½ï¿½3ï¿½ï¿½ï¿½ï¿½ï¿½ï¿½ï¿½ï¿½9sï¿½ï¿½ï¿½ï¿½ï¿½ï¿½ï¿½ï¿½ï¿½ï¿½Bï¿½ï¿½={ï¿½ï¿½@ ï¿½ï¿½ï¿½ï¿½ï¿½ï¿½ï¿½ï¿½ï¿½ï¿½t Hï¿½ï¿½4nï¿½ï¿½ï¿½ï¿½ï¿½ï¿½ï¿½ï¿½ 4`:ï¿½ï¿½Y,ï¿½ï¿½1 ï¿½ï¿½*ï¿½ï¿½",0,1
"ï¿½ï¿½	uOX.!2ï¿½ï¿½ ï¿½ï¿½ï¿½ï¿½""ï¿½ï¿½'\'ï¿½ï¿½ï¿½ï¿½wfï¿½ï¿½ï¿½ï¿½ï¿½ï¿½kï¿½ï¿½hï¿½ï¿½ï¿½ï¿½4Zï¿½ï¿½$ï¿½ï¿½tnrï¿½ï¿½$9#ï¿½ï¿½,MFXkï¿½ï¿½H2ï¿½ï¿½ ï¿½ï¿½Nm2ï¿½ï¿½ETï¿½ï¿½sï¿½ï¿½rKï¿½ï¿½ï¿½ï¿½ï¿½ï¿½ï¿½ï¿½ï¿½ï¿½ï¿½ï¿½ï¿½ï¿½ï¿½ï¿½ï¿½ï¿½ï¿½ï¿½ï¿½ï¿½ï¿½ï¿½ï¿½*ï¿½ï¿½2ï¿½ï¿½fï¿½ï¿½=Yï¿½ï¿½ï¿½ï¿½Fï¿½ï¿½mRVï¿½ï¿½m(ï¿½ï¿½&ï¿½ï¿½ï¿½ï¿½ï¿½ï¿½ï¿½ï¿½ï¿½ï¿½ï¿½ï¿½ï¿½ï¿½dï¿½ï¿½ï¿½ï¿½Fï¿½ï¿½ï¿½ï¿½ï¿½ï¿½ï¿½ï¿½&ï¿½ï¿½ï¿½ï¿½	fï¿½ï¿½X7ï¿½ï¿½ï¿½ï¿½ï¿½ï¿½ï¿½ï¿½yï¿½ï¿½ï¿½ï¿½ï¿½ï¿½YUï¿½ï¿½Tï¿½ï¿½ï¿½ï¿½ï¿½ï¿½ï¿½ï¿½cï¿½ï¿½$ï¿½ï¿½PHiï¿½ï¿½ï¿½ï¿½ï¿½ï¿½ï¿½gwï¿½ï¿½ï¿½ï¿½ï¿½ï¿½4?-[3ï¿½ï¿½ï¿½ï¿½ï¿½ï¿½ï¿½ï¿½ï¿½ï¿½ï¿½ï¿½p]Reï¿½ï¿½ï¿½ï¿½qaï¿½ï¿½1ï¿½ï¿½ï¿½ï¿½F7ï¿½ï¿½ï¿½ï¿½ï¿½ï¿½Oï¿½ï¿½[{I&ï¿½ï¿½z%8ï¿½ï¿½
(ï¿½ï¿½Y-ï¿½ï¿½ï¿½ï¿½ï¿½ï¿½>/icï¿½ï¿½_m>ï¿½ï¿½ï¿½ï¿½Jh""Tï¿½ï¿½!ï¿½ï¿½rQqï¿½ï¿½ï¿½ï¿½ï¿½ï¿½ï¿½ï¿½ï¿½ï¿½ï¿½ï¿½ï¿½ï¿½x+cï¿½ï¿½ï¿½ï¿½ï¿½ï¿½ï¿½ï¿½ï¿½ï¿½_Sjï¿½ï¿½ï¿½ï¿½ï¿½ï¿½ï¿½ï¿½ï¿½ï¿½ï¿½ï¿½qï¿½ï¿½ï¿½ï¿½ï¿½ï¿½Iï¿½ï¿½ï¿½ï¿½ï¿½ï¿½ï¿½ï¿½k(ï¿½ï¿½1ï¿½ï¿½ï¿½ï¿½ï¿½ï¿½ï¿½ï¿½",0,0
"ï¿½ï¿½	qï¿½ï¿½C=ï¿½ï¿½Rï¿½ï¿½ï¿½ï¿½jï¿½ï¿½ï¿½ï¿½PAï¿½ï¿½ï¿½ï¿½ï¿½ï¿½Zï¿½ï¿½nï¿½ï¿½ï¿½ï¿½ï¿½ï¿½ï¿½ï¿½wï¿½ï¿½ï¿½ï¿½bx ï¿½ï¿½kw[=ï¿½ï¿½`Wï¿½ï¿½ï¿½ï¿½sNï¿½ï¿½ï¿½ï¿½'o{ï¿½ï¿½ï¿½ï¿½nï¿½ï¿½ï¿½ï¿½ï¿½ï¿½<ï¿½ï¿½&wï¿½ï¿½ï¿½ï¿½ï¿½ï¿½nï¿½ï¿½ï¿½ï¿½ï¿½ï¿½ï¿½ï¿½zï¿½ï¿½ï¿½ï¿½ï¿½ï¿½ï¿½ï¿½wï¿½ï¿½#>ï¿½ï¿½ï¿½ï¿½_<ï¿½ï¿½ï¿½ï¿½ï¿½ï¿½ï¿½ï¿½C>ï¿½ï¿½ï¿½ï¿½ï¿½ï¿½ï¿½ï¿½ï¿½ï¿½pï¿½ï¿½c>ï¿½ï¿½^ï¿½ï¿½<""ï¿½ï¿½ï¿½ï¿½yï¿½ï¿½}ï¿½ï¿½Jï¿½ï¿½'ï¿½ï¿½ï¿½ï¿½)ï¿½ï¿½ï¿½ï¿½ï¿½ï¿½ï¿½ï¿½ï¿½ï¿½ï¿½ï¿½7ï¿½ï¿½ï¿½ï¿½eï¿½ï¿½ï¿½ï¿½ï¿½ï¿½kï¿½ï¿½ï¿½ï¿½ï¿½ï¿½ï¿½ï¿½ï¿½ï¿½aï¿½ï¿½ï¿½ï¿½ï¿½ï¿½ï¿½ï¿½ï¿½ï¿½ï¿½ï¿½g=ï¿½ï¿½{ï¿½ï¿½ï¿½ï¿½ï¿½ï¿½?ï¿½ï¿½ï¿½ï¿½>ï¿½ï¿½ï¿½ï¿½oï¿½ï¿½|Hï¿½ï¿½>ï¿½ï¿½ï¿½ï¿½/ï¿½ï¿½ï¿½ï¿½ï¿½ï¿½ï¿½ï¿½ï¿½ï¿½ï¿½ï¿½ï¿½ï¿½ï¿½ï¿½ï¿½ï¿½I{ï¿½ï¿½ï¿½ï¿½ï¿½ï¿½7ï¿½ï¿½ï¿½ï¿½ï¿½ï¿½ï¿½ï¿½;ï¿½ï¿½ï¿½ï¿½ï¿½ï¿½ï¿½ï¿½ï¿½ï¿½^ï¿½ï¿½ï¿½ï¿½ï¿½ï¿½>ï¿½ï¿½ï¿½ï¿½oï¿½ï¿½ï¿½ï¿½ï¿½ï¿½ï¿½ï¿½ï¿½ï¿½ï¿½ï¿½ï¿½ï¿½
O~ï¿½ï¿½ï¿½ï¿½ï¿½ï¿½ï¿½ï¿½ï¿½ï¿½ï¿½ï¿½>ï¿½ï¿½ï¿½ï¿½oï¿½ï¿½ï¿½ï¿½ï¿½ï¿½?ï¿½ï¿½ï¿½ï¿½ï¿½ï¿½?ï¿½ï¿½ï¿½ï¿½^}ï¿½ï¿½3ï¿½ï¿½ï¿½ï¿½ï¿½ï¿½ï¿½ï¿½` ï¿½ï¿½ï¿½ï¿½"" ï¿½ï¿½ï¿½ï¿½ï¿½ï¿½ï¿½ï¿½ï¿½ï¿½ï¿½ï¿½ï¿½ï¿½ï¿½ï¿½_ï¿½ï¿½ï¿½ï¿½ï¿½ï¿½ï¿½ï¿½ï¿½ï¿½_ï¿½ï¿½M`ï¿½ï¿½aï¿½ï¿½rï¿½ï¿½v`Bï¿½ï¿½ï¿½ï¿½ï¿½ï¿½ï¿½ï¿½",0,1
ï¿½ï¿½ 2Qï¿½ï¿½R*ï¿½ï¿½Vjï¿½ï¿½ï¿½ï¿½Qï¿½ï¿½ï¿½ï¿½ï¿½ï¿½ï¿½ï¿½ï¿½ï¿½ï¿½ï¿½-*ï¿½ï¿½ï¿½ï¿½ï¿½yNï¿½ï¿½ï¿½ï¿½uï¿½ï¿½Yï¿½ï¿½ï¿½ï¿½ï¿½ï¿½3}ï¿½ï¿½zYï¿½ï¿½ï¿½ï¿½ï¿½ï¿½#xï¿½ï¿½&ï¿½ï¿½ï¿½ï¿½ï¿½ï¿½ï¿½ï¿½7,0,1
ï¿½ï¿½	CCï¿½ï¿½c)ï¿½ï¿½p)ï¿½ï¿½8ï¿½ï¿½ï¿½ï¿½ï¿½ï¿½H>ï¿½ï¿½ï¿½ï¿½ï¿½ï¿½ï¿½ï¿½ï¿½ï¿½ï¿½ï¿½h:ï¿½ï¿½ï¿½ï¿½+ï¿½ï¿½ï¿½ï¿½ ï¿½ï¿½Bï¿½ï¿½ï¿½ï¿½,0,1
"Copyright 2022 The TensorFlow Authors.""",0,0
"(c) for c in COLORS[class_id]]\n"", cv2.rectangle(original_image_np, (xmin, ymin), (xmax, ymax), color, 2)\n"", Make adjustments to make the label visible for all objects\n"", y = ymin - 15 if ymin - 15 \u003e 15 else ymin + 15\n"", label = \""{}: {:.",1,1
"Copyright"")) self.assertEqual(-1, source.find(""#include "" """")) self.assertNotEqual(-1, header.find(""extern const unsigned char foo[];"")) self.assertNotEqual(-1, header.find(""extern const int foo_len;""))",1,1
"Copyright""))",1,1
"Copyright"")) self.assertNotEqual(-1, source.find(""#include \""my/guard.h\"""")) self.assertNotEqual(-1, header.find(""#ifndef MY_GUARD"")) self.assertNotEqual(-1, header.find(""#define MY_GUARD""))",1,1
"(c) # should auto assign 2 with self.cached_session(): self.assertEqual(self._get_input_index(a), 1) self.assertEqual(self._get_input_index(b), 0)",1,1
Copyright 2016 Google Inc. All Rights Reserved.,0,0
"Copyright 2022 The TensorFlow Authors. All Rights Reserved. Licensed under the Apache License, Version 2.0 (the ""License""); you may not use this file except in compliance with the License. You may obtain a copy of the License at http://www.apache.org/licenses/LICENSE-2.0 Unless required by appli",0,0
Copyright 2019 The TensorFlow Authors. Al Rights Reserved.,0,0
Copyright 2019-2021 The TensorFlow Authors. All Rights Reserved.,0,0
Copyright 2015-2017 The TensorFlow Authors. All Rights Reserved.,0,0
"(c) EglSync->CLEvent or GlSync->CLEvent mapping glFlush(); RETURN_IF_ERROR(CreateClEventFromEglSync(context_, sync, &inbound_event)); inbound_events.push_back(inbound_event.event()); else { b) EglSync + ClientWait RETURN_IF_ERROR(sync.ClientWait());",1,1
"Copyright 2020 The TensorFlow Authors. All Rights Reserved. Licensed under the Apache License, Version 2.0 (the ""License""); you may not use this file except in compliance with the License. You may obtain a copy of the License at",0,0
Copyright 2015 Google Inc. All rights reserved.,0,0
Copyright 2016-2020 The TensorFlow Authors. All Rights Reserved.,0,0
"Copyright 2017 The TensorFlow Authors. All Rights Reserved. Licensed under the Apache License, Version 2.0 (the ""License""); you may not use this file except in compliance with the License. You may obtain a copy of the License at",0,0
"(c) a place to store the outcome (success, or some error), upon completion; d) a place to store the output data, upon success.",1,1
"(c) and (d) are typically non-owned pointers to data homed elsewhere, because a task's ownership gets transferred to a BatchScheduler see below) and it may be deleted as soon as it is done executing. class BatchTask { public: virtual ~BatchTask() = default;",1,1
"(c) reshapes it into shape broadcasting) batch shape] + [F,C] where F and C denote the total (compacted) size of free and contract dimensions, respectively. const int num_inputs = inputs.size(); OperandLabels free_labels(num_inputs); gtl::InlinedVector<Tensor, 2>",1,1
"Copyright 2015 The TensorFlow Authors. All Rights Reserved. Licensed under the Apache License, Version 2.0 (the ""License""); you may not use this file except in compliance with the License. You may obtain a copy of the License at http://www.apache.org/licenses/LICENSE-2.0 Unless required by appli",0,0
Copyright 2022 The TensorFlow Authors,0,0
Copyright 2023 The TensorFlow Authors,0,0
"(c) // 4 e = f32[2,4] negate(d) // 5 f = f32[2,4] negate(e) // 6 g = f32[2,4] negate(f) // 7 h = f32[2,4] negate(g) // 8 i = f32[2,4] negate(h) // 9 j = f32[2,4] negate(i) // 10 k = f32[2,4] negate(j)",1,1
"(c) // 4 while = (f32[2,4]) while(tuple), condition=while_condition.1, body=while_body.1 // 21 gte1 = f32[2,4] get-tuple-element(while), index=0 // 22 ROOT root = f32[2,4] add(gte1, param0) // 23",1,1
(c) Elementwise users,0,0
(c) for c in proto.components]),1,1
(c) for c in self.components]),1,1
Copyright 2020 Google LLC,0,0
Copyright 2019 Google Inc. All Rights Reserved.,0,0
Copyright 2022 The TensorFlow Runtime Authors,0,0
(c) Value constraint:,1,1
"Copyright 2022 The TensorFlow Authors. All Rights Reserved. Licensed under the Apache License, Version 2.0 (the ""License""); you may not use this file except in compliance with the License. You may obtain a copy of the License at",0,0
"(c) not use it? enum class UseKind { kReuse = 0, kUse = 1, kNoUse = 2 };",1,1
"ï¿½ï¿½	O*Fb@ï¿½ï¿½moxï¿½ï¿½ï¿½ï¿½T ï¿½ï¿½ï¿½ï¿½ï¿½ï¿½G*Kï¿½ï¿½ï¿½ï¿½{ï¿½ï¿½ï¿½ï¿½+ï¿½ï¿½rrï¿½ï¿½ï¿½ï¿½ï¿½ï¿½B&-ï¿½ï¿½,Xï¿½ï¿½ï¿½ï¿½Qï¿½ï¿½ï¿½ï¿½ï¿½ï¿½ï¿½ï¿½/*ï¿½ï¿½ï¿½ï¿½sï¿½ï¿½d%""ï¿½ï¿½K?ï¿½ï¿½ï¿½ï¿½ï¿½ï¿½h ï¿½ï¿½ï¿½ï¿½ï¿½ï¿½sï¿½ï¿½82pï¿½ï¿½Pï¿½ï¿½ï¿½ï¿½ï¿½ï¿½ï¿½ï¿½u""6ï¿½ï¿½ILï¿½ï¿½e)Aï¿½ï¿½:ï¿½ï¿½ï¿½ï¿½ï¿½ï¿½y3ï¿½ï¿½fï¿½ï¿½I`ï¿½ï¿½ï¿½ï¿½7ï¿½ï¿½VQï¿½ï¿½ï¿½ï¿½,ï¿½ï¿½'@+ï¿½ï¿½R|ï¿½ï¿½Iï¿½ï¿½ï¿½ï¿½ï¿½ï¿½ï¿½ï¿½ï¿½ï¿½ï¿½ï¿½ï¿½ï¿½#Qï¿½ï¿½ï¿½ï¿½53ï¿½ï¿½Sï¿½ï¿½ï¿½ï¿½fYï¿½ï¿½ï¿½ï¿½i2ï¿½ï¿½ï¿½ï¿½!ï¿½ï¿½4ï¿½ï¿½t ï¿½ï¿½Z9ï¿½ï¿½Fï¿½ï¿½X_3)eS2ï¿½ï¿½ï¿½ï¿½ï¿½ï¿½Zï¿½ï¿½
ï¿½ï¿½ï¿½ï¿½tx7ï¿½ï¿½ï¿½ï¿½e:ï¿½ï¿½li!xï¿½ï¿½bA^ï¿½ï¿½Lï¿½ï¿½Bï¿½ï¿½ï¿½ï¿½ï¿½ï¿½ï¿½ï¿½ï¿½ï¿½ï¿½ï¿½ï¿½ï¿½Goï¿½ï¿½ï¿½ï¿½xï¿½ï¿½ï¿½ï¿½`5=$ï¿½ï¿½ï¿½ï¿½ï¿½ï¿½ï¿½ï¿½ï¿½ï¿½KQï¿½ï¿½ï¿½ï¿½Nï¿½ï¿½ï¿½ï¿½ï¿½ï¿½Hï¿½ï¿½9ï¿½ï¿½ï¿½ï¿½)ï¿½ï¿½ï¿½ï¿½ï¿½ï¿½ï¿½ï¿½Dslï¿½ï¿½ï¿½ï¿½>ï¿½ï¿½;ï¿½ï¿½ï¿½ï¿½*Gï¿½ï¿½ï¿½ï¿½=ï¿½ï¿½ï¿½ï¿½yï¿½ï¿½ï¿½ï¿½uï¿½ï¿½ï¿½ï¿½8 ï¿½ï¿½",0,1
"Copyright 2018 Google Inc. All Rights Reserved. Licensed under the Apache License, Version 2.0 (the ""License""); you may not use this file except in compliance with the License. You may obtain a copy of the License at",0,0
Copyright 2022 Google Inc. All Rights Reserved.,0,0
ï¿½ï¿½	6*Tï¿½ï¿½2qï¿½ï¿½-6ï¿½ï¿½5~U!6ï¿½ï¿½ï¿½ï¿½4ï¿½ï¿½ï¿½ï¿½ï¿½ï¿½4ï¿½ï¿½1ï¿½ï¿½5Mï¿½ï¿½'3ï¿½ï¿½ï¿½ï¿½ï¿½ï¿½5ï¿½ï¿½ï¿½ï¿½}6ï¿½ï¿½ï¿½ï¿½5Cï¿½ï¿½t3ï¿½ï¿½ï¿½ï¿½h6}ï¿½ï¿½ï¿½ï¿½5ï¿½ï¿½6ï¿½ï¿½ï¿½ï¿½ï¿½ï¿½4ï¿½ï¿½ï¿½ï¿½5ï¿½ï¿½?6ï¿½ï¿½T6ï¿½ï¿½ï¿½ï¿½4ï¿½ï¿½ï¿½ï¿½5ï¿½ï¿½ï¿½ï¿½69ï¿½ï¿½e63ï¿½ï¿½6ï¿½ï¿½ï¿½ï¿½5Wï¿½ï¿½ï¿½ï¿½5Kï¿½ï¿½x5>ï¿½ï¿½[62ï¿½ï¿½5~u#6ï¿½ï¿½wï¿½ï¿½6ï¿½ï¿½ï¿½ï¿½ï¿½ï¿½6b	ï¿½ï¿½4!ï¿½ï¿½ï¿½ï¿½5ï¿½ï¿½ï¿½ï¿½+zï¿½ï¿½5{ï¿½ï¿½ï¿½ï¿½5ï¿½ï¿½Jï¿½ï¿½4ï¿½ï¿½f\6ï¿½ï¿½s6*ï¿½ï¿½16&ï¿½ï¿½]6ï¿½ï¿½5Qï¿½ï¿½ï¿½ï¿½5ï¿½ï¿½ï¿½ï¿½6ï¿½ï¿½ï¿½ï¿½ï¿½ï¿½5#ï¿½ï¿½6ï¿½ï¿½nï¿½ï¿½4ï¿½ï¿½Tï¿½ï¿½5qï¿½ï¿½5ï¿½ï¿½b5ï¿½ï¿½Nï¿½ï¿½5Dd6ï¿½ï¿½e6 6ï¿½ï¿½ï¿½ï¿½ï¿½ï¿½5ï¿½ï¿½ï¿½ï¿½ï¿½ï¿½5ï¿½ï¿½/m5ï¿½ï¿½ï¿½ï¿½ï¿½ï¿½5ï¿½ï¿½56nï¿½ï¿½3ï¿½ï¿½nG6ï¿½ï¿½ï¿½ï¿½i6$ï¿½ï¿½5ï¿½ï¿½ï¿½ï¿½6ï¿½ï¿½ï¿½ï¿½<6ï¿½ï¿½4ï¿½ï¿½ï¿½ï¿½S5ï¿½ï¿½ï¿½ï¿½ï¿½ï¿½5ï¿½ï¿½A6H_ï¿½ï¿½5kï¿½ï¿½5Rï¿½ï¿½5ï¿½ï¿½ï¿½ï¿½26,0,1
copyright notice:,1,1
COPYRIGHT,1,1
"Copyright (c) 2014, The Regents of the University of California (Regents) All rights reserved.",0,0
"Copyright (c) 2014, the respective contributors All rights reserved.",0,0
copyright model: each contributor holds copyright over their contributions to Caffe. The project versioning records all such,1,1
copyright details. If a contributor wants to further mark,1,1
"copyright on a particular contribution, they should indicate",1,1
copyright solely in the commit message of the change when it is committed.,1,1
copyright terms herein.,1,1
"Copyright 2021 Google LLC. All Rights Reserved. Licensed under the Apache License, Version 2.0 (the ""License""); you may not use this file except in compliance with the License. You may obtain a copy of the License at",0,0
Copyright 2023 The JAX Authors.,0,0
Copyright 2017 The TensorFlow Authors. All rights reserved.,0,0
Copyright 2023 The StableHLO Authors.,0,0
"(c) call the executable d) construct `Array` objects from the outputs e) reconstruct the `PyTree`. xla::StatusOr<py::object> Call(py::handle callable, PyObject* const* args, size_t nargs, PyObject* kwnames);",1,1
"Copyright (c) 2015-2018, NVIDIA CORPORATION. All rights reserved.",0,0
"copyright notice, this list of conditions and the following disclaimer.",1,1
"copyright notice, this list of conditions and the following disclaimer in the documentation and/or other materials provided with the distribution. Neither the name of NVIDIA CORPORATION, Lawrence Berkeley National Laboratory, the U.S. Department of Energy, nor the names of their",1,1
Copyright 2022 Arm Limited and affiliates. SPDX-License-Identifier: Apache-2.0,0,0
Copyright 2020 The TensorFlow Authors. All rights reserved.,0,0
"Copyright(C) 1997,2001 Takuya OOURA (email: ooura@kurims.kyoto-u.ac.jp). You may use, copy, modify this code for any purpose and without fee. You may distribute this ORIGINAL package.",0,0
"ï¿½ï¿½ MZSï¿½ï¿½&1Bï¿½ï¿½ï¿½ï¿½!pï¿½ï¿½~[ï¿½ï¿½ï¿½ï¿½ï¿½ï¿½ï¿½ï¿½yï¿½ï¿½ï¿½ï¿½ï¿½ï¿½ï¿½ï¿½ï¿½ï¿½-ï¿½ï¿½QIï¿½ï¿½E$%orlï¿½ï¿½ï¿½ï¿½mï¿½ï¿½ï¿½ï¿½ï¿½ï¿½DSRYNRï¿½ï¿½ï¿½ï¿½%%&oï¿½ï¿½ï¿½ï¿½ï¿½ï¿½&>ï¿½ï¿½Lï¿½ï¿½ï¿½ï¿½|Iï¿½ï¿½Rï¿½ï¿½1        }{Nï¿½ï¿½>ï¿½ï¿½Jï¿½ï¿½ï¿½ï¿½xPï¿½ï¿½""g`TFï¿½ï¿½ï¿½ï¿½9ï¿½ï¿½$Cï¿½ï¿½&ï¿½ï¿½j@[Rï¿½ï¿½#E?ï¿½ï¿½>Iï¿½ï¿½-^ï¿½ï¿½}u ï¿½ï¿½jï¿½ï¿½ ï¿½ï¿½Aï¿½ï¿½ï¿½ï¿½4 ï¿½ï¿½`ï¿½ï¿½ï¿½ï¿½8wï¿½ï¿½'ï¿½ï¿½ï¿½ï¿½ï¿½ï¿½nï¿½ï¿½ZQï¿½ï¿½ï¿½ï¿½ï¿½ï¿½,ï¿½ï¿½nc5Mï¿½ï¿½ï¿½ï¿½OHï¿½ï¿½
Uï¿½ï¿½ï¿½ï¿½ï¿½ï¿½ï¿½ï¿½ï¿½ï¿½ï¿½ï¿½ï¿½ï¿½Tï¿½ï¿½ï¿½ï¿½@ï¿½ï¿½`ï¿½ï¿½ï¿½ï¿½ï¿½ï¿½(ï¿½ï¿½PAï¿½ï¿½ï¿½ï¿½ï¿½ï¿½?ï¿½ï¿½ï¿½ï¿½3*ï¿½ï¿½ ï¿½ï¿½ï¿½ï¿½",0,1
"ï¿½ï¿½	NUï¿½ï¿½!nepï¿½ï¿½gï¿½ï¿½[lï¿½ï¿½pj3Kï¿½ï¿½Yï¿½ï¿½ï¿½ï¿½y+ 4ï¿½ï¿½ï¿½ï¿½y%ï¿½ï¿½f3Kï¿½ï¿½Yï¿½ï¿½ï¿½ï¿½fï¿½ï¿½0ï¿½ï¿½ï¿½ï¿½y%ï¿½ï¿½VW{ï¿½ï¿½,af	3Kï¿½ï¿½Yï¿½ï¿½ï¿½ï¿½ï¿½ï¿½0ï¿½ï¿½ï¿½ï¿½ï¿½ï¿½afï¿½ï¿½ï¿½ï¿½5 ï¿½ï¿½ï¿½ï¿½9ï¿½ï¿½ï¿½ï¿½ï¿½ï¿½ï¿½ï¿½4v} ï¿½ï¿½ï¿½ï¿½ï¿½ï¿½&ï¿½ï¿½ï¿½ï¿½jCï¿½ï¿½r=ï¿½ï¿½>7P",0,0
ï¿½ï¿½ tï¿½ï¿½tfï¿½ï¿½Mwï¿½ï¿½Uï¿½ï¿½ï¿½ï¿½Oï¿½ï¿½ï¿½ï¿½ï¿½ï¿½=ï¿½ï¿½ï¿½ï¿½ï¿½ï¿½-ï¿½ï¿½ï¿½ï¿½M9 ï¿½ï¿½ï¿½ï¿½aUï¿½ï¿½xSï¿½ï¿½ï¿½ï¿½*ï¿½ï¿½xï¿½ï¿½/&+>)ï¿½ï¿½ï¿½ï¿½ï¿½ï¿½6I[ï¿½ï¿½ï¿½ï¿½ï¿½ï¿½UU ï¿½ï¿½ï¿½ï¿½|ï¿½ï¿½pcï¿½ï¿½9kï¿½ï¿½ï¿½ï¿½FQï¿½ï¿½IGï¿½ï¿½Yï¿½ï¿½ï¿½ï¿½ï¿½ï¿½#cAppï¿½ï¿½.,0,0
"ï¿½ï¿½	mï¿½ï¿½fLa9$ï¿½ï¿½ï¿½ï¿½;`ï¿½ï¿½ï¿½ï¿½Iï¿½ï¿½ï¿½ï¿½`Eg3ï¿½ï¿½(|ï¿½ï¿½nx$ï¿½ï¿½ï¿½ï¿½;ï¿½ï¿½Lï¿½ï¿½74
3ï¿½ï¿½d{-%ï¿½ï¿½ï¿½ï¿½c-ï¿½ï¿½]ï¿½ï¿½ï¿½ï¿½mï¿½ï¿½ï¿½ï¿½ï¿½ï¿½ï¿½ï¿½ï¿½ï¿½ï¿½ï¿½ï¿½ï¿½ï¿½ï¿½8ï¿½ï¿½ï¿½ï¿½bAï¿½ï¿½ï¿½ï¿½?ï¿½ï¿½ï¿½Qï¿½ï¿½3ï¿½ï¿½ï¿½ï¿½ï¿½ï¿½RNï¿½ï¿½aï¿½ï¿½Gï¿½ï¿½ï¿½ï¿½ï¿½ï¿½ï¿½ï¿½ï¿½ï¿½Yï¿½ï¿½ï¿½ï¿½ï¿½ï¿½FKFï¿½ï¿½ï¿½ï¿½ï¿½ï¿½ï¿½ï¿½y%kï¿½ï¿½ï¿½ï¿½rQï¿½ï¿½ï¿½ï¿½ï¿½ï¿½/+ï¿½ï¿½ï¿½ï¿½0ï¿½ï¿½ Dg @ï¿½ï¿½ ï¿½ï¿½ï¿½ï¿½ï¿½ï¿½f%DCM3ï¿½ï¿½Hg-ï¿½ï¿½Zï¿½ï¿½xï¿½ï¿½Gï¿½ï¿½fï¿½ï¿½ï¿½ï¿½n~ï¿½ï¿½ï¿½ï¿½mï¿½ï¿½ï¿½ï¿½gï¿½ï¿½7ï¿½ï¿½ï¿½ï¿½ï¿½ï¿½<ï¿½ï¿½ï¿½ï¿½ï¿½ï¿½@ï¿½ï¿½ï¿½ï¿½Qï¿½ï¿½2g~:</ï¿½ï¿½ï¿½ï¿½ï¿½ï¿½PTfxï¿½ï¿½:ï¿½ï¿½q ï¿½ï¿½ï¿½ï¿½ï¿½ï¿½ï¿½ï¿½ï¿½ï¿½ï¿½ï¿½ï¿½ï¿½ï¿½ï¿½Jï¿½ï¿½Lï¿½ï¿½ï¿½ï¿½ï¿½ï¿½xï¿½ï¿½oï¿½ï¿½:ï¿½ï¿½&ï¿½ï¿½, ï¿½ï¿½ï¿½ï¿½Dï¿½ï¿½DRï¿½ï¿½JE$ï¿½ï¿½ï¿½ï¿½ï¿½ï¿½ï¿½ï¿½B-ï¿½ï¿½ï¿½ï¿½ï¿½ï¿½lï¿½ï¿½ï¿½ï¿½ï¿½ï¿½&3ï¿½ï¿½)ï¿½ï¿½Sï¿½ï¿½ï¿½ï¿½8ï¿½ï¿½ï¿½ï¿½ï¿½ï¿½\",0,0
"ï¿½ï¿½	hyï¿½ï¿½ï¿½ï¿½Dazï¿½ï¿½1 ï¿½ï¿½1ï¿½ï¿½ï¿½ï¿½mï¿½ï¿½Zï¿½ï¿½ï¿½ï¿½lï¿½ï¿½ï¿½ï¿½ï¿½ï¿½ï¿½ï¿½ï¿½ï¿½ï¿½ï¿½L)ï¿½ï¿½ï¿½ï¿½ï¿½ï¿½emï¿½ï¿½5ï¿½ï¿½<ï¿½ï¿½ï¿½ï¿½I>ï¿½ï¿½ï¿½ï¿½ï¿½ï¿½Wï¿½ï¿½ï¿½ï¿½ï¿½ï¿½ï¿½ï¿½Wï¿½ï¿½ï¿½ï¿½ï¿½ï¿½ï¿½ï¿½ï¿½iï¿½ï¿½}ï¿½ï¿½ï¿½ï¿½ï¿½ï¿½ï¿½ï¿½7`ï¿½ï¿½ï¿½ï¿½vï¿½ï¿½ï¿½ï¿½dï¿½ï¿½>h}.ï¿½ï¿½ï¿½ï¿½ï¿½ï¿½ï¿½ï¿½^ï¿½ï¿½ï¿½ï¿½tï¿½ï¿½ï¿½ï¿½ï¿½ï¿½ï¿½ï¿½ï¿½ï¿½ï¿½ï¿½pyï¿½ï¿½ï¿½ï¿½ï¿½ï¿½Xï¿½ï¿½4dï¿½ï¿½ï¿½ï¿½ï¿½ï¿½Pn7ï¿½ï¿½;in!ï¿½ï¿½ï¿½ï¿½uS'ï¿½ï¿½ï¿½ï¿½Yï¿½ï¿½ï¿½ï¿½ï¿½ï¿½ï¿½ï¿½ï¿½ï¿½ï¿½ï¿½ï¿½ï¿½gï¿½ï¿½F}#ï¿½ï¿½ï¿½ï¿½F7xï¿½ï¿½ï¿½ï¿½ï¿½ï¿½lï¿½ï¿½ï¿½ï¿½y=)ï¿½ï¿½ï¿½ï¿½cï¿½ï¿½ï¿½ï¿½ï¿½ï¿½ï¿½ï¿½ï¿½ï¿½ï¿½ï¿½(3ï¿½ï¿½Eï¿½ï¿½ï¿½ï¿½ï¿½ï¿½ï¿½ï¿½6jï¿½ï¿½ï¿½ï¿½ï¿½heZï¿½ï¿½Rï¿½ï¿½XJ*ï¿½ï¿½ï¿½ï¿½ï¿½ï¿½ï¿½ï¿½jï¿½ï¿½ï¿½ï¿½Gï¿½ï¿½;Mï¿½ï¿½ï¿½ï¿½ï¿½ï¿½ ï¿½ï¿½ï¿½ï¿½ï¿½ï¿½KnKaï¿½ï¿½f0ï¿½ï¿½ï¿½ï¿½ï¿½ï¿½P""ï¿½ï¿½ xï¿½ï¿½ï¿½ï¿½oï¿½ï¿½Oï¿½ï¿½ï¿½ï¿½ï¿½ï¿½gï¿½ï¿½ï¿½ï¿½ï¿½ï¿½~w}ï¿½ï¿½>ï¿½ï¿½]ï¿½ï¿½ï¿½ï¿½ï¿½ï¿½clï¿½ï¿½ï¿½ï¿½Olï¿½ï¿½ï¿½ï¿½\Cï¿½ï¿½]stï¿½ï¿½ï¿½ï¿½ï¿½ï¿½ï¿½ï¿½gï¿½ï¿½1'ï¿½ï¿½ï¿½ï¿½ï¿½ï¿½Lcï¿½ï¿½Hï¿½ï¿½7ï¿½ï¿½ï¿½ï¿½",0,1
"ï¿½ï¿½ LQ7ï¿½ï¿½0@Bï¿½ï¿½ï¿½ï¿½ï¿½ï¿½M41ï¿½ï¿½ï¿½ï¿½!Laz Dï¿½ï¿½ ï¿½ï¿½ &ï¿½ï¿½ Laï¿½ï¿½ï¿½ï¿½Gï¿½ï¿½>ï¿½ï¿½ &ï¿½ï¿½0ï¿½ï¿½ï¿½ï¿½ï¿½ï¿½4&ï¿½ï¿½ï¿½ï¿½ï¿½ï¿½ï¿½ï¿½ï¿½$L(aB	Sï¿½ï¿½+L+ab	SKï¿½ï¿½\ï¿½ï¿½ï¿½ï¿½cï¿½ï¿½H4ï¿½ï¿½ï¿½ï¿½>,ï¿½ï¿½Eï¿½ï¿½ï¿½ï¿½Q>,ï¿½ï¿½%ï¿½ï¿½ï¿½ï¿½$ï¿½ï¿½ï¿½ï¿½cï¿½ï¿½ï¿½ï¿½Eï¿½ï¿½ï¿½ï¿½(6ï¿½ï¿½%ï¿½ï¿½ï¿½ï¿½$ï¿½ï¿½ï¿½ï¿½ï¿½ï¿½|lï¿½ï¿½ï¿½ï¿½ï¿½ï¿½( ï¿½ï¿½ï¿½ï¿½Fï¿½ï¿½ï¿½ï¿½$ï¿½ï¿½ï¿½ï¿½ï¿½ï¿½|Xï¿½ï¿½ï¿½ï¿½ï¿½ï¿½V ï¿½ï¿½ï¿½ï¿½|ï¿½ï¿½(ï¿½ï¿½ï¿½ï¿½ï¿½ï¿½|ï¿½ï¿½mï¿½ï¿½ï¿½ï¿½ï¿½ï¿½ï¿½ï¿½ï¿½ï¿½^ï¿½ï¿½ ï¿½ï¿½.t<ï¿½ï¿½ï¿½ï¿½ï¿½ï¿½ï¿½ï¿½ï¿½ï¿½L4ï¿½ï¿½Dï¿½ï¿½ï¿½ï¿½ï¿½ï¿½6hï¿½ï¿½Iï¿½ï¿½ï¿½ï¿½dï¿½ï¿½Iï¿½ï¿½ï¿½ï¿½ï¿½ï¿½Eï¿½ï¿½ï¿½ï¿½1>,ï¿½ï¿½ï¿½ï¿½%ï¿½ï¿½ï¿½ï¿½ ï¿½ï¿½ï¿½ï¿½ï¿½ï¿½|lï¿½ï¿½ï¿½ï¿½ï¿½ï¿½ 6ï¿½ï¿½%ï¿½ï¿½ï¿½ï¿½ ï¿½ï¿½ï¿½ï¿½ï¿½ï¿½|Xï¿½ï¿½oTï¿½ï¿½@<ï¿½ï¿½tï¿½ï¿½3ï¿½ï¿½ï¿½ï¿½ï¿½ï¿½ï¿½ï¿½%ï¿½ï¿½ï¿½ï¿½ï¿½ï¿½-ï¿½ï¿½Jï¿½ï¿½vL.ï¿½ï¿½ï¿½ï¿½\\ï¿½ï¿½ï¿½ï¿½>ï¿½ï¿½ï¿½ï¿½00",0,0
"Copyright ï¿½ï¿½ 1991-2018 Unicode, Inc. All rights reserved.",0,0
copyright.html.,1,1
"copyright holder shall not be used in advertising or otherwise to promote the sale, use or other dealings in these Data Files or Software without prior",1,1
Copyright (c) 1995-2016 International Business Machines Corporation and others All rights reserved.,0,0
copyright notice(s) and this permission notice appear in all copies of,1,1
copyright notice(s) and this permission notice appear in supporting documentation.,1,1
"copyright holder shall not be used in advertising or otherwise to promote the sale, use or other dealings in this Software without prior written authorization",1,1
"Copyright (C) 2006-2008, Google Inc.",0,0
Copyright (c) 1999 TaBE Project.,0,0
Copyright (c) 1999 Pai-Hsiang Hsiao. All rights reserved.,0,0
"copyright notice, this list of conditions and the following disclaimer in the documentation and/or other materials provided with the distribution. Neither the name of the TaBE Project nor the names of its contributors may be used to endorse or promote pro",1,1
"Copyright (c) 1999 Computer Systems and Communication Lab, Institute of Information Science, Academia Sinica. All rights reserved.",0,0
"copyright notice, this list of conditions and the following disclaimer in the documentation and/or other materials provided with the distribution. Neither the name of the Computer Systems and Communication Lab nor the names of its contributors may be used",1,1
"Copyright 1996 Chih-Hao Tsai @ Beckman Institute, University of Illinois c-tsai4@uiuc.edu http://casper.beckman.uiuc.edu/~c-tsai4",0,0
"Copyright 2000, 2001, 2002, 2003 Nara Institute of Science and Technology. All Rights Reserved.",0,0
Copyright (c) 2013 International Business Machines Corporation and others. All Rights Reserved.,0,0
"Copyright (C) 2013 Brian Eugene Wilson, Robert Martin Campbell. All rights reserved.",0,0
Copyright (c) 2014 International Business Machines Corporation and others. All Rights Reserved.,0,0
"Copyright (c) 2013, LeRoy Benjamin Sharon All rights reserved.",0,0
"Copyright 2006-2011, the V8 project authors. All rights reserved. Redistribution and use in source and binary forms, with or without modification, are permitted provided that the following conditions are met:",0,0
"copyright notice, this list of conditions and the following disclaimer. Redistributions in binary form must reproduce the above",1,1
"COPYRIGHT OWNER OR CONTRIBUTORS BE LIABLE FOR ANY DIRECT, INDIRECT, INCIDENTAL, SPECIAL, EXEMPLARY, OR CONSEQUENTIAL DAMAGES (INCLUDING, BUT NOT LIMITED TO, PROCUREMENT OF SUBSTITUTE GOODS OR SERVICES; LOSS OF USE, DATA, OR PROFITS; OR BUSINESS INTERRUPTION) HOWEVER CAUSED AND ON ANY THEORY OF LIABI",1,1
"ï¿½ï¿½	Nï¿½ï¿½sRUï¿½ï¿½Qï¿½ï¿½ï¿½ï¿½ï¿½ï¿½ï¿½ï¿½ï¿½ï¿½>ï¿½ï¿½ï¿½ï¿½ï¿½ï¿½ï¿½ï¿½4ï¿½ï¿½Uï¿½ï¿½ï¿½ï¿½Y.Lï¿½ï¿½ï¿½ï¿½ï¿½ï¿½ï¿½ï¿½ï¿½ï¿½ï¿½ï¿½ï¿½ï¿½<ï¿½ï¿½dï¿½ï¿½k:uï¿½ï¿½{ï¿½ï¿½9Qï¿½ï¿½ï¿½ï¿½""",0,0
ï¿½ï¿½ SAï¿½ï¿½ï¿½ï¿½Lcï¿½ï¿½4ï¿½ï¿½iï¿½ï¿½ï¿½ï¿½@ï¿½ï¿½ï¿½ï¿½Lï¿½ï¿½2,0,1
ï¿½ï¿½ SAï¿½ï¿½ï¿½ï¿½Leï¿½ï¿½Tï¿½ï¿½/ï¿½ï¿½Tï¿½ï¿½ï¿½ï¿½ SAï¿½ï¿½ï¿½ï¿½Lï¿½ï¿½ï¿½ï¿½ï¿½ï¿½iï¿½ï¿½ï¿½ï¿½@ï¿½ï¿½ï¿½ï¿½Lï¿½ï¿½2,0,0
"ï¿½ï¿½	tï¿½ï¿½=K?P6,Q1ï¿½ï¿½ï¿½ï¿½ï¿½ï¿½ï¿½ï¿½ï¿½ï¿½aï¿½ï¿½ï¿½ï¿½ï¿½ï¿½ï¿½ï¿½ï¿½ï¿½ k'ï¿½ï¿½ ï¿½ï¿½jwY^8}ï¿½ï¿½eN)ï¿½ï¿½,ï¿½ï¿½qï¿½ï¿½ï¿½ï¿½T;ï¿½ï¿½y=zï¿½ï¿½ï¿½ï¿½QSï¿½ï¿½'ï¿½ï¿½ï¿½ï¿½ï¿½ï¿½Oï¿½ï¿½ï¿½ï¿½ï¿½ï¿½ï¿½ï¿½ï¿½ï¿½ï¿½ï¿½jï¿½ï¿½q!ï¿½ï¿½mï¿½ï¿½ï¿½ï¿½ï¿½ï¿½J.ï¿½ï¿½ï¿½ï¿½ï¿½ï¿½ï¿½ï¿½ï¿½ï¿½ï¿½ï¿½p
ï¿½ï¿½Kï¿½ï¿½kï¿½ï¿½ï¿½ï¿½)ï¿½ï¿½ï¿½ï¿½ï¿½ï¿½AYE",0,0
"ï¿½ï¿½	Ljï¿½ï¿½IM`Rï¿½ï¿½ï¿½ï¿½&5ï¿½ï¿½IM`Rï¿½ï¿½ï¿½ï¿½&5ï¿½ï¿½ï¿½ï¿½&0ï¿½ï¿½	Ljï¿½ï¿½ï¿½ï¿½ï¿½ï¿½ï¿½ï¿½ï¿½ï¿½ï¿½ï¿½ï¿½ï¿½ï¿½ï¿½3ï¿½ï¿½ï¿½ï¿½]ï¿½ï¿½ï¿½ï¿½ï¿½ï¿½ï¿½ï¿½# h,""
ï¿½ï¿½ï¿½ï¿½xVï¿½ï¿½[ï¿½ï¿½I
0ï¿½ï¿½&ï¿½ï¿½kï¿½ï¿½ï¿½ï¿½4 mï¿½ï¿½$:ï¿½ï¿½ï¿½ï¿½t: ï¿½ï¿½ï¿½ï¿½@gï¿½ï¿½ï¿½ï¿½`RLjï¿½ï¿½I
0ï¿½ï¿½&5ï¿½ï¿½ï¿½ï¿½ï¿½ï¿½ï¿½ï¿½Ljï¿½ï¿½I
0ï¿½ï¿½&ï¿½ï¿½ï¿½ï¿½ï¿½ï¿½ï¿½ï¿½l ;ï¿½ï¿½K@Ebï¿½ï¿½ï¿½ï¿½*+++ ï¿½ï¿½!ï¿½ï¿½!ï¿½ï¿½qï¿½ï¿½
ï¿½ï¿½
ï¿½ï¿½
ï¿½ï¿½
ï¿½ï¿½
ï¿½ï¿½m!ï¿½ï¿½#ï¿½ï¿½sï¿½ï¿½ï¿½ï¿½ï¿½ï¿½ï¿½ï¿½hï¿½ï¿½ï¿½ï¿½ï¿½ï¿½ï¿½ï¿½Q7ï¿½ï¿½ï¿½ï¿½ï¿½ï¿½ï¿½ï¿½ï¿½ï¿½`RLjï¿½ï¿½I
0ï¿½ï¿½%ï¿½ï¿½ï¿½ï¿½ï¿½ï¿½`RLjï¿½ï¿½I
0ï¿½ï¿½&5ï¿½ï¿½ï¿½ï¿½ï¿½ï¿½`RLjï¿½ï¿½I
0ï¿½ï¿½&5ï¿½ï¿½ï¿½ï¿½ï¿½ï¿½ï¿½ï¿½ï¿½ï¿½Zï¿½ï¿½I
0ï¿½ï¿½&5ï¿½ï¿½ï¿½ï¿½ï¿½ï¿½ï¿½ï¿½ï¿½ï¿½`RLj	&}ï¿½ï¿½ï¿½ï¿½ï¿½ï¿½rï¿½ï¿½ï¿½ï¿½meï¿½ï¿½ï¿½ï¿½fï¿½ï¿½|ï¿½ï¿½ï¿½ï¿½",0,1
ï¿½ï¿½        Ljï¿½ï¿½IM`Rï¿½ï¿½ï¿½ï¿½&5ï¿½ï¿½IM`Rï¿½ï¿½ï¿½ï¿½&5ï¿½ï¿½ï¿½ï¿½&0ï¿½ï¿½        Ljï¿½ï¿½ï¿½ï¿½ï¿½ï¿½ï¿½ï¿½&0ï¿½ï¿½        Ljï¿½ï¿½`Rï¿½ï¿½ï¿½ï¿½&5ï¿½ï¿½IM`Rï¿½ï¿½ï¿½ï¿½&5ï¿½ï¿½I,0,1
"ï¿½ï¿½	UNï¿½ï¿½<L""pP<ï¿½ï¿½ï¿½ï¿½ï¿½ï¿½ï¿½ï¿½ï¿½ï¿½|ï¿½ï¿½IKï¿½ï¿½<ï¿½ï¿½;ï¿½ï¿½g)Wï¿½ï¿½gï¿½ï¿½ ï¿½ï¿½Gzj2NZï¿½ï¿½ï¿½ï¿½ï¿½ï¿½ rï¿½ï¿½ï¿½ï¿½ï¿½ï¿½ï¿½ï¿½ï¿½ï¿½n aï¿½ï¿½ï¿½ï¿½s_ï¿½ï¿½ï¿½ï¿½ï¿½ï¿½ï¿½ï¿½JYJ`ï¿½ï¿½rELï¿½ï¿½{pï¿½ï¿½ï¿½ï¿½ï¿½ï¿½yï¿½ï¿½ï¿½ï¿½0ï¿½ï¿½ï¿½ï¿½ï¿½ï¿½ï¿½ï¿½ï¿½ï¿½ï¿½ï¿½]""?ï¿½ï¿½ï¿½ï¿½ï¿½ï¿½ï¿½ï¿½Vï¿½ï¿½1!ï¿½ï¿½ï¿½ï¿½Xvï¿½ï¿½ ï¿½ï¿½ï¿½ï¿½s+ï¿½ï¿½iï¿½ï¿½z_ï¿½ï¿½ï¿½ï¿½ï¿½ï¿½4RJï¿½ï¿½wlï¿½ï¿½ï¿½ï¿½ï¿½ï¿½oï¿½ï¿½ï¿½ï¿½xï¿½ï¿½ï¿½ï¿½ï¿½ï¿½ï¿½ï¿½ï¿½ ï¿½ï¿½*bï¿½ï¿½Gï¿½ï¿½ï¿½ï¿½ï¿½ï¿½qï¿½ï¿½S PBï¿½ï¿½ï¿½ï¿½ï¿½ï¿½D%ï¿½ï¿½ï¿½ï¿½Uï¿½ï¿½yZï¿½ï¿½ï¿½ï¿½#ï¿½ï¿½!ï¿½ï¿½8ï¿½ï¿½ï¿½ï¿½ï¿½ï¿½{ï¿½ï¿½kï¿½ï¿½Gyï¿½ï¿½bï¿½ï¿½;ï¿½ï¿½&_Gï¿½ï¿½Bï¿½ï¿½ï¿½ï¿½eï¿½ï¿½ï¿½ï¿½ï¿½ï¿½vï¿½ï¿½ï¿½ï¿½Sï¿½ï¿½ï¿½ï¿½ï¿½ï¿½Lï¿½ï¿½Mb$ï¿½ï¿½,3ï¿½ï¿½ï¿½ï¿½Lï¿½ï¿½""ï¿½ï¿½&jï¿½ï¿½ï¿½ï¿½ï¿½-ï¿½ï¿½cï¿½ï¿½ï¿½ï¿½ï¿½ï¿½Cï¿½ï¿½oï¿½ï¿½ï¿½ï¿½x7ï¿½ï¿½fï¿½ï¿½ï¿½ï¿½0J-?ï¿½ï¿½ï¿½ï¿½@ï¿½ï¿½ï¿½ï¿½ï¿½ï¿½Kï¿½ï¿½ï¿½ï¿½}ï¿½ï¿½ï¿½ï¿½ï¿½ï¿½ï¿½ï¿½ï¿½ï¿½B~ï¿½ï¿½ï¿½ï¿½ï¿½ï¿½ï¿½ï¿½ ï¿½ï¿½spï¿½ï¿½",0,1
"ï¿½ï¿½	AAï¿½ï¿½mxï¿½ï¿½gPï¿½ï¿½ï¿½ï¿½ï¿½ï¿½ï¿½ï¿½Pï¿½ï¿½ï¿½ï¿½|uS)d.ï¿½ï¿½ï¿½ï¿½)ï¿½ï¿½Hï¿½ï¿½ï¿½ï¿½&ï¿½ï¿½ï¿½ï¿½ï¿½ï¿½$dï¿½ï¿½2ï¿½ï¿½ï¿½ï¿½ï¿½ï¿½ï¿½ï¿½ï¿½ï¿½Oï¿½ï¿½""Aï¿½ï¿½Yï¿½ï¿½ï¿½ï¿½ï¿½ï¿½ï¿½ï¿½*ï¿½ï¿½Fï¿½ï¿½ï¿½ï¿½vï¿½ï¿½ï¿½ï¿½ ï¿½ï¿½g=18ï¿½ï¿½6ï¿½ï¿½
ï¿½ï¿½ï¿½ï¿½ï¿½ï¿½ Lï¿½ï¿½ï¿½ï¿½ï¿½ï¿½wï¿½ï¿½fï¿½ï¿½z@ï¿½ï¿½ï¿½ï¿½ï¿½ï¿½Hï¿½ï¿½ï¿½ï¿½E/&ï¿½ï¿½ï¿½ï¿½uï¿½ï¿½ï¿½ï¿½ï¿½ï¿½ï¿½ï¿½ï¿½ï¿½ï¿½ï¿½1&ï¿½ï¿½ï¿½ï¿½O$bï¿½ï¿½}4 >ï¿½ï¿½Rzï¿½ï¿½Aï¿½ï¿½g~ï¿½ï¿½ï¿½ï¿½Qs9~ï¿½ï¿½!ï¿½ï¿½9Y8ï¿½ï¿½ï¿½ï¿½.ï¿½ï¿½2ï¿½ï¿½ Xï¿½ï¿½{+ï¿½ï¿½1ï¿½ï¿½ï¿½ï¿½ï¿½ï¿½ï¿½ï¿½\4*ï¿½ï¿½-uï¿½ï¿½ï¿½ï¿½ï¿½ï¿½)QNwï¿½ï¿½sï¿½ï¿½ï¿½ï¿½ï¿½ï¿½eï¿½ï¿½Iï¿½ï¿½ï¿½ï¿½Uï¿½ï¿½Wï¿½ï¿½ï¿½ï¿½ï¿½ï¿½q\!2ï¿½ï¿½{ï¿½ï¿½.ï¿½ï¿½ï¿½ï¿½@ï¿½ï¿½ï¿½ï¿½V=ï¿½ï¿½Eï¿½ï¿½ï¿½ï¿½@ï¿½ï¿½ï¿½ï¿½ï¿½ï¿½ï¿½ï¿½ï¿½ï¿½#Mï¿½ï¿½ ï¿½ï¿½ï¿½ï¿½ ï¿½ï¿½ qï¿½ï¿½,ï¿½ï¿½ï¿½ï¿½rï¿½ï¿½ï¿½ï¿½`J'ï¿½ï¿½ï¿½ï¿½ï¿½ï¿½ï¿½ï¿½d2~ï¿½ï¿½ï¿½ï¿½la+?ï¿½ï¿½4ï¿½ï¿½Xï¿½ï¿½ï¿½ï¿½lï¿½ï¿½[Umï¿½ï¿½rB",0,1
"ï¿½ï¿½	gï¿½ï¿½HiJ#$Uï¿½ï¿½;ï¿½ï¿½ï¿½ï¿½8ï¿½ï¿½ï¿½ï¿½@ï¿½ï¿½Zï¿½ï¿½ï¿½ï¿½@ï¿½ï¿½J$P""ï¿½ï¿½ ï¿½ï¿½Wï¿½ï¿½ï¿½ï¿½Eï¿½ï¿½ï¿½ï¿½Jï¿½ï¿½Uï¿½ï¿½ï¿½ï¿½KCï¿½ï¿½ï¿½ï¿½ï¿½ï¿½ï¿½ï¿½ï¿½ï¿½Fï¿½ï¿½ï¿½ï¿½SIKï¿½ï¿½ï¿½ï¿½iï¿½ï¿½ï¿½ï¿½ï¿½ï¿½ï¿½ï¿½7ï¿½ï¿½dq\oï¿½ï¿½ï¿½ï¿½ï¿½ï¿½bï¿½ï¿½aï¿½ï¿½')ï¿½ï¿½(ï¿½ï¿½@iï¿½ï¿½ï¿½ï¿½}ï¿½ï¿½ï¿½ï¿½dï¿½ï¿½Yï¿½ï¿½Aï¿½ï¿½b>JTï¿½ï¿½7D
ï¿½ï¿½ï¿½ï¿½Jï¿½ï¿½ Bï¿½ï¿½a#Q.ï¿½ï¿½AW
j!Xï¿½ï¿½ï¿½ï¿½ï¿½ï¿½ï¿½ï¿½ï¿½ï¿½Pï¿½ï¿½CAï¿½ï¿½]ï¿½ï¿½ï¿½ï¿½$ï¿½ï¿½Te4
5%ï¿½ï¿½ï¿½ï¿½pï¿½ï¿½ï¿½ï¿½ï¿½ï¿½pzï¿½ï¿½ï¿½ï¿½ï¿½ï¿½Yï¿½ï¿½ï¿½ï¿½ï¿½ï¿½ï¿½ï¿½:7ï¿½ï¿½IW@gï¿½ï¿½4ï¿½ï¿½ï¿½ï¿½iuL,
ï¿½ï¿½ï¿½ï¿½ï¿½ï¿½ï¿½ï¿½ï¿½ï¿½Kï¿½ï¿½ï¿½ï¿½fï¿½ï¿½ï¿½ï¿½Kï¿½ï¿½Iï¿½ï¿½A6ï¿½ï¿½ï¿½ï¿½hï¿½ï¿½ï¿½ï¿½ï¿½ï¿½ï¿½ï¿½ï¿½Aï¿½ï¿½0ï¿½ï¿½@ï¿½ï¿½ï¿½ï¿½ï¿½ï¿½Kï¿½ï¿½Mï¿½ï¿½3UNï¿½ï¿½[LU]Uï¿½ï¿½ï¿½ï¿½]ï¿½ï¿½ï¿½ï¿½r~Tï¿½ï¿½ï¿½ï¿½ï¿½ï¿½Tï¿½ï¿½ï¿½ï¿½M__/ï¿½ï¿½gXV/yï¿½ï¿½ï¿½ï¿½e]1M6N/ï¿½ï¿½ï¿½ï¿½ï¿½ï¿½ï¿½ï¿½A9ï¿½ï¿½ï¿½ï¿½&ï¿½ï¿½zw-jï¿½ï¿½",0,1
"ï¿½ï¿½ SAï¿½ï¿½q[$iï¿½ï¿½cï¿½ï¿½rï¿½ï¿½ï¿½ï¿½ï¿½ï¿½ï¿½ï¿½ï¿½ï¿½ï¿½ï¿½ï¿½ï¿½ï¿½ï¿½.ï¿½ï¿½vï¿½ï¿½ï¿½ï¿½ï¿½ï¿½""ï¿½ï¿½ï¿½ï¿½ï¿½ï¿½ï¿½ï¿½%$ï¿½ï¿½ï¿½ï¿½DQOï¿½ï¿½%:cdï¿½ï¿½Ya3iQoï¿½ï¿½ï¿½ï¿½ZsNï¿½ï¿½ï¿½ï¿½cï¿½ï¿½sJï¿½ï¿½eNï¿½ï¿½ï¿½ï¿½c?ï¿½ï¿½3 ï¿½ï¿½Qï¿½ï¿½ï¿½ï¿½eï¿½ï¿½Qï¿½ï¿½RhC94 ï¿½ï¿½Qmï¿½ï¿½ï¿½ï¿½uOrï¿½ï¿½ï¿½ï¿½
}ï¿½ï¿½ï¿½ï¿½ï¿½ï¿½ï¿½ï¿½ï¿½ï¿½ï¿½ï¿½ï¿½ï¿½ï¿½ï¿½ï¿½ï¿½gï¿½ï¿½ï¿½ï¿½ï¿½ï¿½ï¿½ï¿½ï¿½ï¿½ï¿½ï¿½ï¿½ï¿½ï¿½ï¿½ï¿½ï¿½sï¿½ï¿½ï¿½ï¿½ï¿½ï¿½ï¿½ï¿½ï¿½ï¿½=ï¿½ï¿½-ï¿½ï¿½ï¿½ï¿½ï¿½ï¿½ï¿½ï¿½ï¿½ï¿½ï¿½ï¿½ï¿½ï¿½ï¿½ï¿½ï¿½ï¿½ï¿½ï¿½ï¿½mFï¿½ï¿½7ï¿½ï¿½ï¿½ï¿½A&ï¿½ï¿½V\P*>Lt(ï¿½ï¿½ï¿½ï¿½ï¿½ï¿½ï¿½ï¿½.ï¿½ï¿½qE	ï¿½ï¿½ï¿½ï¿½0ï¿½ï¿½ ï¿½ï¿½Zï¿½ï¿½X o2ï¿½ï¿½ï¿½ï¿½]Lï¿½ï¿½ï¿½ï¿½ï¿½ï¿½ï¿½ï¿½M3ï¿½ï¿½ï¿½ï¿½ï¿½ï¿½4p18r Uï¿½ï¿½Qï¿½ï¿½ï¿½ï¿½ï¿½ï¿½ï¿½ï¿½ï¿½ï¿½ï¿½ï¿½ï¿½j`p@ï¿½ï¿½ï¿½ï¿½2G ï¿½ï¿½ï¿½ï¿½ï¿½ï¿½6y|ï¿½ï¿½ï¿½ï¿½-ï¿½ï¿½ï¿½ï¿½ï¿½ï¿½oï¿½ï¿½ï¿½ï¿½ ï¿½ï¿½ï¿½ï¿½ï¿½ï¿½ï¿½ï¿½ï¿½ï¿½ï¿½ï¿½ï¿½ï¿½ï¿½ï¿½ï¿½ï¿½ï¿½ï¿½ï¿½ ï¿½ï¿½4ï¿½ï¿½ï¿½ï¿½ï¿½ï¿½ï¿½ï¿½ï¿½ï¿½ï¿½ï¿½Qï¿½ï¿½ï¿½ï¿½K|F,ï¿½ï¿½`ï¿½ï¿½",0,0
"COPYRIGHT_YEAR@"": ""1991-2022"",",0,0
Copyright 2015 The TensorFlow Authors. All rights reserved.,0,0
"Copyright 2015, The TensorFlow Authors.",0,0
Copyright 2022 Arm Ltd. and affiliates,0,0
Copyright 2022-2023 Arm Ltd. and affiliates,0,0
Copyright 2018 The TensorFlow Authors. All rights reserved.,0,0
"Copyright 2018, The TensorFlow Authors.",0,0
(c) under Patent Claims infringed by Covered Software in the absence of its Contributions.,1,1
"copyright doctrines of fair use, fair dealing, or other equivalents.",1,1
copyright ownership.,1,1
"Copyright (c) 2011, Intel Corporation. All rights reserved.",0,0
"copyright notice, this list of conditions and the following disclaimer. *",1,1
"copyright notice, this list of conditions and the following disclaimer in the documentation and/or other materials provided with the distribution. * Neither the name of Intel Corporation nor the names of its contributors may be used to endorse or promote products derived from this so",1,1
"COPYRIGHT OWNER OR CONTRIBUTORS BE LIABLE FOR ANY DIRECT, INDIRECT, INCIDENTAL, SPECIAL, EXEMPLARY, OR CONSEQUENTIAL DAMAGES (INCLUDING, BUT NOT LIMITED TO, PROCUREMENT OF SUBSTITUTE GOODS OR SERVICES; LOSS OF USE, DATA, OR PROFITS; OR BUSINESS INTERRUPTION) HOWEVER CAUSED AND ON ANY THEORY OF",1,1
"COPYRIGHT HOLDER, THE UNITED STATES, THE UNITED STATES DEPARTMENT OF ENERGY, OR THEIR EMPLOYEES: BE LIABLE FOR ANY INDIRECT, INCIDENTAL, CONSEQUENTIAL, SPECIAL OR PUNITIVE DAMAGES OF ANY KIND OR NATURE, INCLUDING BUT NOT LIMITED TO LOSS OF PROFITS OR LOSS OF DATA, FOR ANY REASON WHATSOEVER, WHETHER",1,1
"Copyright (c) 2005-2019, NumPy Developers. All rights reserved.",0,0
Copyright 2023 Google Inc. All Rights Reserved.,0,0
"(c) preserve order within the ops of one dialect. auto better = [&](Operation* a, Operation* b) { if (a->hasTrait<OpTrait::IsTerminator>() != b->hasTrait<OpTrait::IsTerminator>()) { return b->hasTrait<OpTrait::IsTerminator>();",1,1
Copyright 2020 The TensorFlow Runtime Authors,0,0
Copyright 2021 Google Inc. All Rights Reserved.,0,0
Copyright 2023 The StableHLO Authors. All Rights Reserved.,0,0
"copyright in the source file. module_match = re.search(r'(^module\s\{)(.*)(^\})', content, re.MULTILINE | re.DOTALL) if module_match is None: raise ValueError(""Couldn't find module in the function library"") module = module_match.group()",1,1
(c) remainder of input (typically C in NHWC),1,1
"(C) to the left and right (C_l, C_r) of the indices; the sum of these two is one or more dimensions in size, but either one may be zero depending on how axis was specified by the caller.",1,1
"(C) dimension of the data. int feature_dim = (data_format_ == FORMAT_NHWC) input_shape.dims() - 1 data_format == FORMAT_NCHW*/ 1; OP_REQUIRES( ctx, feature_dim >= 0, errors::InvalidArgument(""Input tensor does not have",1,1
"(c) is not used in the equation, use it to replace c. if (idx_map_.count(new_idx) == 0) { idx_map_[c] = new_idx; idx_map_[new_idx] = new_idx; // mark that new_idx is taken return new_idx;",1,1
(c) for none of the shape_idx < 0 if (shape_idx > 3 || shape_idx >= 0 && shape_idx != i) { partial_shape_dims = {1};,1,1
"Copyright 2018 The TensorFlow Authors. All Rights Reserved. Licensed under the Apache License, Version 2.0 (the ""License""); you may not use this file except in compliance with the License. You may obtain a copy of the License at",0,0
Copyright 20121 The TensorFlow Authors. All Rights Reserved.,0,0
"Copyright 2021 The TensorFlow Authors. All Rights Reserved. Licensed under the Apache License, Version 2.0 (the ""License""); you may not use this file except in compliance with the License. You may obtain a copy of the License at",0,0
Copyright 2023 Google LLC,0,0
Copyright 2022 Google LLC,0,0
(c) Batch Dimensions: Axes corresponding to labels appearing in each of the input subscripts and also in the output subscript make up the batch dimensions in Tensor contraction. Unnamed axis labels corresponding to ellipsis (`...`) also correspond to batch dimensions. For,1,1
Copyright 2013 The TensorFlow Authors. All Rights Reserved.,0,0
Copyright 2023 The TensorFlow Authors.,0,0
copyright=Copyright \d{4} The TensorFlow Authors\. +All [Rr]ights [Rr]eserved\.,0,0
Copyright 2018 The Bazel Authors. All rights reserved.,0,0
Copyright 2019 The Bazel Authors. All rights reserved.,0,0
"copyright, ""\n""; print CLASSFILE ""// GENERATED FILE. To update, edit tftypes.pl instead.\n\n"";",1,1
"Copyright 2018 The TensorFlow Authors. All Rights Reserved.\n""",0,0
ï¿½ï¿½ 6[ï¿½ï¿½9,0,1
ï¿½ï¿½	Xï¿½ï¿½3,0,1
"(c) if isinstance(c, str) else c return self._rows[r][c] if self._rows else self._columns[c][r]",1,1
copyright to your contribution; this simply gives us permission to use and redistribute your contributions as part of the project. Head over to <https://cla.developers.google.com/> to see your current agreements on file or to sign a new one.,1,1
(c) for c in node.comparators],1,1
Copyright 2020-2021 The TensorFlow Authors. All Rights Reserved.,0,0